Sl. No.,NT,THT,THt,THQCr,CT,Ct,DT,Dt,QmT,TT,Tt,TCr,C,Si,Mn,P,S,Ni,Cr,Cu,Mo,RedRatio,dA,dB,dC,Fatigue
1,885,30,0,0,30,0,30,0,30,30,0,0,0.26,0.21,0.44,0.017,0.022,0.01,0.02,0.01,0,825,0.07,0.02,0.04,232
2,885,30,0,0,30,0,30,0,30,30,0,0,0.25,0.18,0.44,0.009,0.017,0.08,0.12,0.08,0,610,0.11,0,0.04,235
3,885,30,0,0,30,0,30,0,30,30,0,0,0.26,0.27,0.43,0.008,0.015,0.02,0.03,0.01,0,1270,0.07,0.02,0,235
4,885,30,0,0,30,0,30,0,30,30,0,0,0.26,0.23,0.51,0.018,0.024,0.01,0.02,0.01,0,1740,0.06,0,0,241
5,885,30,0,0,30,0,30,0,30,30,0,0,0.22,0.19,0.42,0.026,0.022,0.01,0.02,0.02,0,825,0.04,0.02,0,225
6,885,30,0,0,30,0,30,0,30,30,0,0,0.26,0.22,0.45,0.026,0.026,0.02,0.05,0.03,0,825,0.06,0.02,0.02,245
7,885,30,0,0,30,0,30,0,30,30,0,0,0.28,0.27,0.5,0.021,0.018,0.02,0.03,0.01,0,1270,0.08,0.01,0,255
8,885,30,0,0,30,0,30,0,30,30,0,0,0.27,0.25,0.54,0.02,0.021,0.01,0.02,0.02,0,1740,0.07,0,0,245
9,885,30,0,0,30,0,30,0,30,30,0,0,0.27,0.23,0.37,0.008,0.03,0.06,0.1,0.09,0,610,0.08,0,0.04,275
10,885,30,0,0,30,0,30,0,30,30,0,0,0.22,0.26,0.47,0.021,0.023,0.02,0.02,0.01,0,1270,0.04,0.03,0,239
11,885,30,0,0,30,0,30,0,30,30,0,0,0.23,0.26,0.51,0.029,0.024,0.01,0.03,0.03,0,1740,0.11,0,0,255
12,865,865,30,24,30,0,30,0,30,550,60,24,0.35,0.21,0.77,0.021,0.022,0.01,0.01,0.02,0,825,0.05,0.03,0,397
13,865,865,30,24,30,0,30,0,30,550,60,24,0.35,0.3,0.74,0.017,0.024,0.01,0.1,0.01,0,1270,0.07,0.02,0,419
14,865,865,30,24,30,0,30,0,30,550,60,24,0.34,0.26,0.74,0.012,0.015,0.01,0.02,0.01,0,1740,0.08,0,0,401
15,865,865,30,24,30,0,30,0,30,550,60,24,0.36,0.26,0.7,0.009,0.023,0.08,0.12,0.09,0,610,0.07,0,0.03,394
16,865,865,30,24,30,0,30,0,30,550,60,24,0.33,0.21,0.75,0.031,0.019,0.01,0.03,0.02,0,825,0.08,0,0,426
17,865,865,30,24,30,0,30,0,30,550,60,24,0.38,0.29,0.7,0.01,0.03,0.06,0.09,0.11,0,610,0.06,0.01,0.01,426
18,865,865,30,24,30,0,30,0,30,550,60,24,0.33,0.26,0.76,0.023,0.013,0.01,0.1,0.03,0,1270,0.08,0.02,0,454
19,865,865,30,24,30,0,30,0,30,550,60,24,0.32,0.26,0.73,0.015,0.019,0.02,0.02,0.03,0,1740,0.06,0,0,418
20,865,865,30,24,30,0,30,0,30,550,60,24,0.37,0.27,0.78,0.016,0.02,0.01,0.11,0.02,0,1270,0.13,0.01,0,416
21,865,865,30,24,30,0,30,0,30,550,60,24,0.35,0.25,0.82,0.016,0.023,0.03,0.01,0.01,0,825,0.07,0.04,0,395
22,865,865,30,24,30,0,30,0,30,550,60,24,0.37,0.24,0.72,0.015,0.02,0.02,0.02,0.02,0,1740,0.1,0,0,433
23,865,865,30,24,30,0,30,0,30,550,60,24,0.32,0.21,0.63,0.007,0.017,0.06,0.1,0.08,0,610,0.06,0.05,0.03,379
24,865,865,30,24,30,0,30,0,30,600,60,24,0.35,0.21,0.77,0.021,0.022,0.01,0.01,0.02,0,825,0.05,0.03,0,382
25,865,865,30,24,30,0,30,0,30,600,60,24,0.35,0.3,0.74,0.017,0.024,0.01,0.1,0.01,0,1270,0.07,0.02,0,385
26,865,865,30,24,30,0,30,0,30,600,60,24,0.34,0.26,0.74,0.012,0.015,0.01,0.02,0.01,0,1740,0.08,0,0,365
27,865,865,30,24,30,0,30,0,30,600,60,24,0.36,0.26,0.7,0.009,0.023,0.08,0.12,0.09,0,610,0.07,0,0.03,379
28,865,865,30,24,30,0,30,0,30,600,60,24,0.33,0.21,0.75,0.031,0.019,0.01,0.03,0.02,0,825,0.08,0,0,377
29,865,865,30,24,30,0,30,0,30,600,60,24,0.38,0.29,0.7,0.01,0.03,0.06,0.09,0.11,0,610,0.06,0.01,0.01,394
30,865,865,30,24,30,0,30,0,30,600,60,24,0.33,0.26,0.76,0.023,0.013,0.01,0.1,0.03,0,1270,0.08,0.02,0,425
31,865,865,30,24,30,0,30,0,30,600,60,24,0.32,0.26,0.73,0.015,0.019,0.02,0.02,0.03,0,1740,0.06,0,0,395
32,865,865,30,24,30,0,30,0,30,600,60,24,0.37,0.27,0.78,0.016,0.02,0.01,0.11,0.02,0,1270,0.13,0.01,0,393
33,865,865,30,24,30,0,30,0,30,600,60,24,0.35,0.25,0.82,0.016,0.023,0.03,0.01,0.01,0,825,0.07,0.04,0,375
34,865,865,30,24,30,0,30,0,30,600,60,24,0.37,0.24,0.72,0.015,0.02,0.02,0.02,0.02,0,1740,0.1,0,0,389
35,865,865,30,24,30,0,30,0,30,600,60,24,0.32,0.21,0.63,0.007,0.017,0.06,0.1,0.08,0,610,0.06,0.05,0.03,358
36,865,865,30,24,30,0,30,0,30,650,60,24,0.35,0.21,0.77,0.021,0.022,0.01,0.01,0.02,0,825,0.05,0.03,0,344
37,865,865,30,24,30,0,30,0,30,650,60,24,0.35,0.3,0.74,0.017,0.024,0.01,0.1,0.01,0,1270,0.07,0.02,0,369
38,865,865,30,24,30,0,30,0,30,650,60,24,0.34,0.26,0.74,0.012,0.015,0.01,0.02,0.01,0,1740,0.08,0,0,325
39,865,865,30,24,30,0,30,0,30,650,60,24,0.36,0.26,0.7,0.009,0.023,0.08,0.12,0.09,0,610,0.07,0,0.03,338
40,865,865,30,24,30,0,30,0,30,650,60,24,0.33,0.21,0.75,0.031,0.019,0.01,0.03,0.02,0,825,0.08,0,0,362
41,865,865,30,24,30,0,30,0,30,650,60,24,0.38,0.29,0.7,0.01,0.03,0.06,0.09,0.11,0,610,0.06,0.01,0.01,361
42,865,865,30,24,30,0,30,0,30,650,60,24,0.33,0.26,0.76,0.023,0.013,0.01,0.1,0.03,0,1270,0.08,0.02,0,385
43,865,865,30,24,30,0,30,0,30,650,60,24,0.32,0.26,0.73,0.015,0.019,0.02,0.02,0.03,0,1740,0.06,0,0,348
44,865,865,30,24,30,0,30,0,30,650,60,24,0.37,0.27,0.78,0.016,0.02,0.01,0.11,0.02,0,1270,0.13,0.01,0,368
45,865,865,30,24,30,0,30,0,30,650,60,24,0.35,0.25,0.82,0.016,0.023,0.03,0.01,0.01,0,825,0.07,0.04,0,341
46,865,865,30,24,30,0,30,0,30,650,60,24,0.37,0.24,0.72,0.015,0.02,0.02,0.02,0.02,0,1740,0.1,0,0,365
47,865,865,30,24,30,0,30,0,30,650,60,24,0.32,0.21,0.63,0.007,0.017,0.06,0.1,0.08,0,610,0.06,0.05,0.03,325
48,845,845,30,24,30,0,30,0,30,550,60,24,0.45,0.25,0.79,0.018,0.016,0.02,0.13,0.02,0,1740,0.07,0,0,513
49,845,845,30,24,30,0,30,0,30,550,60,24,0.45,0.26,0.76,0.027,0.019,0.01,0.11,0.02,0,1270,0.12,0.01,0,448
50,845,845,30,24,30,0,30,0,30,550,60,24,0.45,0.24,0.71,0.01,0.009,0.12,0.06,0.13,0,610,0.06,0,0.01,465
51,845,845,30,24,30,0,30,0,30,550,60,24,0.44,0.24,0.82,0.021,0.021,0.03,0.02,0.02,0,825,0.1,0.03,0.01,446
52,845,845,30,24,30,0,30,0,30,550,60,24,0.42,0.22,0.78,0.022,0.02,0.01,0.02,0.03,0,825,0.11,0.04,0,437
53,845,845,30,24,30,0,30,0,30,550,60,24,0.48,0.25,0.75,0.024,0.022,0.02,0.1,0.01,0,1740,0.08,0,0,502
54,845,845,30,24,30,0,30,0,30,550,60,24,0.47,0.25,0.72,0.015,0.01,0.13,0.04,0.04,0,610,0.04,0,0.03,465
55,845,845,30,24,30,0,30,0,30,550,60,24,0.43,0.22,0.83,0.017,0.016,0.01,0.12,0.01,0,1740,0.06,0,0,475
56,845,845,30,24,30,0,30,0,30,550,60,24,0.49,0.26,0.8,0.027,0.023,0.02,0.09,0.01,0,1270,0.13,0.01,0,504
57,845,845,30,24,30,0,30,0,30,550,60,24,0.45,0.25,0.79,0.011,0.025,0.12,0.04,0.15,0,610,0.09,0,0.04,486
58,845,845,30,24,30,0,30,0,30,550,60,24,0.42,0.26,0.7,0.024,0.01,0.01,0.1,0.01,0,1270,0.04,0.01,0,452
59,845,845,30,24,30,0,30,0,30,600,60,24,0.45,0.25,0.79,0.018,0.016,0.02,0.13,0.02,0,1740,0.07,0,0,459
60,845,845,30,24,30,0,30,0,30,600,60,24,0.45,0.26,0.76,0.027,0.019,0.01,0.11,0.02,0,1270,0.12,0.01,0,415
61,845,845,30,24,30,0,30,0,30,600,60,24,0.45,0.24,0.71,0.01,0.009,0.12,0.06,0.13,0,610,0.06,0,0.01,437
62,845,845,30,24,30,0,30,0,30,600,60,24,0.44,0.24,0.82,0.021,0.021,0.03,0.02,0.02,0,825,0.1,0.03,0.01,415
63,845,845,30,24,30,0,30,0,30,600,60,24,0.42,0.22,0.78,0.022,0.02,0.01,0.02,0.03,0,825,0.11,0.04,0,401
64,845,845,30,24,30,0,30,0,30,600,60,24,0.48,0.25,0.75,0.024,0.022,0.02,0.1,0.01,0,1740,0.08,0,0,463
65,845,845,30,24,30,0,30,0,30,600,60,24,0.47,0.25,0.72,0.015,0.01,0.13,0.04,0.04,0,610,0.04,0,0.03,442
66,845,845,30,24,30,0,30,0,30,600,60,24,0.43,0.22,0.83,0.017,0.016,0.01,0.12,0.01,0,1740,0.06,0,0,438
67,845,845,30,24,30,0,30,0,30,600,60,24,0.49,0.26,0.8,0.027,0.023,0.02,0.09,0.01,0,1270,0.13,0.01,0,468
68,845,845,30,24,30,0,30,0,30,600,60,24,0.45,0.25,0.79,0.011,0.025,0.12,0.04,0.15,0,610,0.09,0,0.04,452
69,845,845,30,24,30,0,30,0,30,600,60,24,0.42,0.26,0.7,0.024,0.01,0.01,0.1,0.01,0,1270,0.04,0.01,0,422
70,845,845,30,24,30,0,30,0,30,650,60,24,0.45,0.25,0.79,0.018,0.016,0.02,0.13,0.02,0,1740,0.07,0,0,413
71,845,845,30,24,30,0,30,0,30,650,60,24,0.45,0.26,0.76,0.027,0.019,0.01,0.11,0.02,0,1270,0.12,0.01,0,395
72,845,845,30,24,30,0,30,0,30,650,60,24,0.45,0.24,0.71,0.01,0.009,0.12,0.06,0.13,0,610,0.06,0,0.01,398
73,845,845,30,24,30,0,30,0,30,650,60,24,0.44,0.24,0.82,0.021,0.021,0.03,0.02,0.02,0,825,0.1,0.03,0.01,378
74,845,845,30,24,30,0,30,0,30,650,60,24,0.42,0.22,0.78,0.022,0.02,0.01,0.02,0.03,0,825,0.11,0.04,0,372
75,845,845,30,24,30,0,30,0,30,650,60,24,0.48,0.25,0.75,0.024,0.022,0.02,0.1,0.01,0,1740,0.08,0,0,415
76,845,845,30,24,30,0,30,0,30,650,60,24,0.47,0.25,0.72,0.015,0.01,0.13,0.04,0.04,0,610,0.04,0,0.03,396
77,845,845,30,24,30,0,30,0,30,650,60,24,0.43,0.22,0.83,0.017,0.016,0.01,0.12,0.01,0,1740,0.06,0,0,388
78,845,845,30,24,30,0,30,0,30,650,60,24,0.49,0.26,0.8,0.027,0.023,0.02,0.09,0.01,0,1270,0.13,0.01,0,415
79,845,845,30,24,30,0,30,0,30,650,60,24,0.45,0.25,0.79,0.011,0.025,0.12,0.04,0.15,0,610,0.09,0,0.04,398
80,845,845,30,24,30,0,30,0,30,650,60,24,0.42,0.26,0.7,0.024,0.01,0.01,0.1,0.01,0,1270,0.04,0.01,0,382
81,825,825,30,24,30,0,30,0,30,550,60,24,0.55,0.23,0.76,0.018,0.012,0.01,0.09,0.01,0,1740,0.07,0,0,523
82,825,825,30,24,30,0,30,0,30,550,60,24,0.54,0.26,0.76,0.022,0.021,0.02,0.12,0.01,0,1270,0.08,0.01,0,534
83,825,825,30,24,30,0,30,0,30,550,60,24,0.52,0.29,0.83,0.016,0.025,0.04,0.04,0.02,0,825,0.12,0.02,0,489
84,825,825,30,24,30,0,30,0,30,550,60,24,0.56,0.26,0.37,0.019,0.026,0.04,0.13,0.11,0,660,0.06,0,0,500
85,825,825,30,24,30,0,30,0,30,550,60,24,0.54,0.2,0.75,0.013,0.019,0.01,0.01,0.01,0,825,0.1,0,0,495
86,825,825,30,24,30,0,30,0,30,550,60,24,0.57,0.23,0.74,0.018,0.017,0.01,0.12,0.02,0,1740,0.08,0,0,522
87,825,825,30,24,30,0,30,0,30,550,60,24,0.53,0.3,0.83,0.019,0.026,0.02,0.12,0.01,0,1270,0.09,0,0,531
88,825,825,30,24,30,0,30,0,30,550,60,24,0.57,0.3,0.82,0.024,0.022,0.02,0.1,0.01,0,1270,0.1,0.01,0,533
89,825,825,30,24,30,0,30,0,30,550,60,24,0.56,0.25,0.68,0.009,0.023,0.03,0.1,0.03,0,610,0.06,0,0.04,492
90,825,825,30,24,30,0,30,0,30,550,60,24,0.52,0.21,0.8,0.021,0.021,0.02,0.1,0.02,0,1740,0.09,0,0,505
91,825,825,30,24,30,0,30,0,30,550,60,24,0.54,0.27,0.7,0.017,0.02,0.06,0.1,0.22,0,610,0.08,0,0.04,541
92,825,825,30,24,30,0,30,0,30,600,60,24,0.55,0.23,0.76,0.018,0.012,0.01,0.09,0.01,0,1740,0.07,0,0,468
93,825,825,30,24,30,0,30,0,30,600,60,24,0.54,0.26,0.76,0.022,0.021,0.02,0.12,0.01,0,1270,0.08,0.01,0,459
94,825,825,30,24,30,0,30,0,30,600,60,24,0.52,0.29,0.83,0.016,0.025,0.04,0.04,0.02,0,825,0.12,0.02,0,444
95,825,825,30,24,30,0,30,0,30,600,60,24,0.56,0.26,0.37,0.019,0.026,0.04,0.13,0.11,0,660,0.06,0,0,458
96,825,825,30,24,30,0,30,0,30,600,60,24,0.54,0.2,0.75,0.013,0.019,0.01,0.01,0.01,0,825,0.1,0,0,445
97,825,825,30,24,30,0,30,0,30,600,60,24,0.57,0.23,0.74,0.018,0.017,0.01,0.12,0.02,0,1740,0.08,0,0,464
98,825,825,30,24,30,0,30,0,30,600,60,24,0.53,0.3,0.83,0.019,0.026,0.02,0.12,0.01,0,1270,0.09,0,0,466
99,825,825,30,24,30,0,30,0,30,600,60,24,0.57,0.3,0.82,0.024,0.022,0.02,0.1,0.01,0,1270,0.1,0.01,0,486
100,825,825,30,24,30,0,30,0,30,600,60,24,0.56,0.25,0.68,0.009,0.023,0.03,0.1,0.03,0,610,0.06,0,0.04,461
101,825,825,30,24,30,0,30,0,30,600,60,24,0.52,0.21,0.8,0.021,0.021,0.02,0.1,0.02,0,1740,0.09,0,0,464
102,825,825,30,24,30,0,30,0,30,600,60,24,0.54,0.27,0.7,0.017,0.02,0.06,0.1,0.22,0,610,0.08,0,0.04,475
103,825,825,30,24,30,0,30,0,30,650,60,24,0.55,0.23,0.76,0.018,0.012,0.01,0.09,0.01,0,1740,0.07,0,0,419
104,825,825,30,24,30,0,30,0,30,650,60,24,0.54,0.26,0.76,0.022,0.021,0.02,0.12,0.01,0,1270,0.08,0.01,0,418
105,825,825,30,24,30,0,30,0,30,650,60,24,0.52,0.29,0.83,0.016,0.025,0.04,0.04,0.02,0,825,0.12,0.02,0,402
106,825,825,30,24,30,0,30,0,30,650,60,24,0.56,0.26,0.37,0.019,0.026,0.04,0.13,0.11,0,660,0.06,0,0,398
107,825,825,30,24,30,0,30,0,30,650,60,24,0.54,0.2,0.75,0.013,0.019,0.01,0.01,0.01,0,825,0.1,0,0,411
108,825,825,30,24,30,0,30,0,30,650,60,24,0.57,0.23,0.74,0.018,0.017,0.01,0.12,0.02,0,1740,0.08,0,0,428
109,825,825,30,24,30,0,30,0,30,650,60,24,0.53,0.3,0.83,0.019,0.026,0.02,0.12,0.01,0,1270,0.09,0,0,415
110,825,825,30,24,30,0,30,0,30,650,60,24,0.57,0.3,0.82,0.024,0.022,0.02,0.1,0.01,0,1270,0.1,0.01,0,425
111,825,825,30,24,30,0,30,0,30,650,60,24,0.56,0.25,0.68,0.009,0.023,0.03,0.1,0.03,0,610,0.06,0,0.04,412
112,825,825,30,24,30,0,30,0,30,650,60,24,0.52,0.21,0.8,0.021,0.021,0.02,0.1,0.02,0,1740,0.09,0,0,410
113,825,825,30,24,30,0,30,0,30,650,60,24,0.54,0.27,0.7,0.017,0.02,0.06,0.1,0.22,0,610,0.08,0,0.04,415
114,870,855,30,8,30,0,30,0,30,550,60,24,0.43,0.24,0.74,0.022,0.013,0.03,1.12,0.02,0,1740,0.03,0,0,582
115,870,855,30,8,30,0,30,0,30,550,60,24,0.42,0.27,0.71,0.01,0.008,0.02,0.96,0.04,0,820,0.01,0,0.01,524
116,870,855,30,8,30,0,30,0,30,550,60,24,0.4,0.31,0.78,0.012,0.01,0.07,1.1,0.13,0,1120,0.02,0,0.03,583
117,870,855,30,8,30,0,30,0,30,550,60,24,0.42,0.22,0.72,0.016,0.014,0.03,1.06,0.01,0,1740,0.03,0,0.01,569
118,870,855,30,8,30,0,30,0,30,550,60,24,0.39,0.25,0.73,0.011,0.005,0.06,0.98,0.11,0,820,0.01,0.01,0.01,536
119,870,855,30,8,30,0,30,0,30,550,60,24,0.42,0.32,0.81,0.014,0.007,0.03,1.09,0.04,0,1120,0.01,0,0.01,577
120,870,855,30,8,30,0,30,0,30,550,60,24,0.42,0.26,0.78,0.01,0.004,0.04,0.94,0.05,0,820,0.03,0,0.02,565
121,870,855,30,8,30,0,30,0,30,550,60,24,0.4,0.32,0.79,0.013,0.011,0.05,1.09,0.04,0,1120,0.02,0,0.01,562
122,870,855,30,8,30,0,30,0,30,600,60,24,0.43,0.24,0.74,0.022,0.013,0.03,1.12,0.02,0,1740,0.03,0,0,522
123,870,855,30,8,30,0,30,0,30,600,60,24,0.42,0.27,0.71,0.01,0.008,0.02,0.96,0.04,0,820,0.01,0,0.01,504
124,870,855,30,8,30,0,30,0,30,600,60,24,0.4,0.31,0.78,0.012,0.01,0.07,1.1,0.13,0,1120,0.02,0,0.03,516
125,870,855,30,8,30,0,30,0,30,600,60,24,0.42,0.22,0.72,0.016,0.014,0.03,1.06,0.01,0,1740,0.03,0,0.01,517
126,870,855,30,8,30,0,30,0,30,600,60,24,0.39,0.25,0.73,0.011,0.005,0.06,0.98,0.11,0,820,0.01,0.01,0.01,511
127,870,855,30,8,30,0,30,0,30,600,60,24,0.42,0.32,0.81,0.014,0.007,0.03,1.09,0.04,0,1120,0.01,0,0.01,518
128,870,855,30,8,30,0,30,0,30,600,60,24,0.42,0.26,0.78,0.01,0.004,0.04,0.94,0.05,0,820,0.03,0,0.02,524
129,870,855,30,8,30,0,30,0,30,600,60,24,0.4,0.32,0.79,0.013,0.011,0.05,1.09,0.04,0,1120,0.02,0,0.01,503
130,870,855,30,8,30,0,30,0,30,650,60,24,0.43,0.24,0.74,0.022,0.013,0.03,1.12,0.02,0,1740,0.03,0,0,483
131,870,855,30,8,30,0,30,0,30,650,60,24,0.42,0.27,0.71,0.01,0.008,0.02,0.96,0.04,0,820,0.01,0,0.01,457
132,870,855,30,8,30,0,30,0,30,650,60,24,0.4,0.31,0.78,0.012,0.01,0.07,1.1,0.13,0,1120,0.02,0,0.03,482
133,870,855,30,8,30,0,30,0,30,650,60,24,0.42,0.22,0.72,0.016,0.014,0.03,1.06,0.01,0,1740,0.03,0,0.01,470
134,870,855,30,8,30,0,30,0,30,650,60,24,0.39,0.25,0.73,0.011,0.005,0.06,0.98,0.11,0,820,0.01,0.01,0.01,459
135,870,855,30,8,30,0,30,0,30,650,60,24,0.42,0.32,0.81,0.014,0.007,0.03,1.09,0.04,0,1120,0.01,0,0.01,490
136,870,855,30,8,30,0,30,0,30,650,60,24,0.42,0.26,0.78,0.01,0.004,0.04,0.94,0.05,0,820,0.03,0,0.02,485
137,870,855,30,8,30,0,30,0,30,650,60,24,0.4,0.32,0.79,0.013,0.011,0.05,1.09,0.04,0,1120,0.02,0,0.01,483
138,870,855,30,8,30,0,30,0,30,550,60,24,0.36,0.3,0.73,0.017,0.016,0.05,1.01,0.19,0.16,820,0.08,0,0.01,587
139,870,855,30,8,30,0,30,0,30,550,60,24,0.35,0.3,0.7,0.019,0.012,0.02,1.03,0.01,0.15,1250,0,0,0.02,571
140,870,855,30,8,30,0,30,0,30,550,60,24,0.36,0.27,0.79,0.012,0.007,0.03,1.03,0.04,0.17,1120,0,0,0.01,578
141,870,855,30,8,30,0,30,0,30,550,60,24,0.36,0.23,0.81,0.014,0.022,0.05,0.99,0.08,0.16,530,0.02,0,0,526
142,870,855,30,8,30,0,30,0,30,550,60,24,0.34,0.25,0.72,0.019,0.011,0.12,1.01,0.1,0.17,500,0.08,0,0.01,535
143,870,855,30,8,30,0,30,0,30,550,60,24,0.36,0.35,0.74,0.016,0.02,0.05,0.97,0.12,0.15,740,0.02,0,0.01,572
144,870,855,30,8,30,0,30,0,30,550,60,24,0.37,0.23,0.82,0.012,0.017,0.04,1.09,0.05,0.16,530,0.01,0.01,0,562
145,870,855,30,8,30,0,30,0,30,550,60,24,0.35,0.25,0.8,0.02,0.017,0.08,0.99,0.18,0.19,1120,0.03,0,0.01,563
146,870,855,30,8,30,0,30,0,30,550,60,24,0.35,0.25,0.71,0.02,0.013,0.02,1.06,0.02,0.17,1740,0.05,0,0,583
147,870,855,30,8,30,0,30,0,30,550,60,24,0.33,0.27,0.69,0.015,0.008,0.04,0.99,0.05,0.18,640,0.03,0,0,585
148,870,855,30,8,30,0,30,0,30,550,60,24,0.35,0.25,0.7,0.026,0.018,0.01,1,0.02,0.16,820,0.1,0,0,592
149,870,855,30,8,30,0,30,0,30,550,60,24,0.37,0.29,0.76,0.017,0.009,0.12,1.01,0.12,0.16,500,0.05,0,0.02,573
150,870,855,30,8,30,0,30,0,30,550,60,24,0.38,0.27,0.8,0.015,0.012,0.07,1.07,0.12,0.16,1120,0.03,0,0.02,536
151,870,855,30,8,30,0,30,0,30,550,60,24,0.34,0.29,0.71,0.019,0.013,0.11,1.05,0.12,0.16,500,0.08,0,0,557
152,870,855,30,8,30,0,30,0,30,600,60,24,0.36,0.3,0.73,0.017,0.016,0.05,1.01,0.19,0.16,820,0.08,0,0.01,552
153,870,855,30,8,30,0,30,0,30,600,60,24,0.35,0.3,0.7,0.019,0.012,0.02,1.03,0.01,0.15,1250,0,0,0.02,519
154,870,855,30,8,30,0,30,0,30,600,60,24,0.36,0.27,0.79,0.012,0.007,0.03,1.03,0.04,0.17,1120,0,0,0.01,524
155,870,855,30,8,30,0,30,0,30,600,60,24,0.36,0.23,0.81,0.014,0.022,0.05,0.99,0.08,0.16,530,0.02,0,0,508
156,870,855,30,8,30,0,30,0,30,600,60,24,0.34,0.25,0.72,0.019,0.011,0.12,1.01,0.1,0.17,500,0.08,0,0.01,490
157,870,855,30,8,30,0,30,0,30,600,60,24,0.36,0.35,0.74,0.016,0.02,0.05,0.97,0.12,0.15,740,0.02,0,0.01,550
158,870,855,30,8,30,0,30,0,30,600,60,24,0.37,0.23,0.82,0.012,0.017,0.04,1.09,0.05,0.16,530,0.01,0.01,0,515
159,870,855,30,8,30,0,30,0,30,600,60,24,0.35,0.25,0.8,0.02,0.017,0.08,0.99,0.18,0.19,1120,0.03,0,0.01,530
160,870,855,30,8,30,0,30,0,30,600,60,24,0.35,0.25,0.71,0.02,0.013,0.02,1.06,0.02,0.17,1740,0.05,0,0,546
161,870,855,30,8,30,0,30,0,30,600,60,24,0.33,0.27,0.69,0.015,0.008,0.04,0.99,0.05,0.18,640,0.03,0,0,535
162,870,855,30,8,30,0,30,0,30,600,60,24,0.35,0.25,0.7,0.026,0.018,0.01,1,0.02,0.16,820,0.1,0,0,550
163,870,855,30,8,30,0,30,0,30,600,60,24,0.37,0.29,0.76,0.017,0.009,0.12,1.01,0.12,0.16,500,0.05,0,0.02,542
164,870,855,30,8,30,0,30,0,30,600,60,24,0.38,0.27,0.8,0.015,0.012,0.07,1.07,0.12,0.16,1120,0.03,0,0.02,592
165,870,855,30,8,30,0,30,0,30,600,60,24,0.34,0.29,0.71,0.019,0.013,0.11,1.05,0.12,0.16,500,0.08,0,0,524
166,870,855,30,8,30,0,30,0,30,650,60,24,0.36,0.3,0.73,0.017,0.016,0.05,1.01,0.19,0.16,820,0.08,0,0.01,497
167,870,855,30,8,30,0,30,0,30,650,60,24,0.35,0.3,0.7,0.019,0.012,0.02,1.03,0.01,0.15,1250,0,0,0.02,491
168,870,855,30,8,30,0,30,0,30,650,60,24,0.36,0.27,0.79,0.012,0.007,0.03,1.03,0.04,0.17,1120,0,0,0.01,463
169,870,855,30,8,30,0,30,0,30,650,60,24,0.36,0.23,0.81,0.014,0.022,0.05,0.99,0.08,0.16,530,0.02,0,0,464
170,870,855,30,8,30,0,30,0,30,650,60,24,0.34,0.25,0.72,0.019,0.011,0.12,1.01,0.1,0.17,500,0.08,0,0.01,459
171,870,855,30,8,30,0,30,0,30,650,60,24,0.36,0.35,0.74,0.016,0.02,0.05,0.97,0.12,0.15,740,0.02,0,0.01,489
172,870,855,30,8,30,0,30,0,30,650,60,24,0.37,0.23,0.82,0.012,0.017,0.04,1.09,0.05,0.16,530,0.01,0.01,0,477
173,870,855,30,8,30,0,30,0,30,650,60,24,0.35,0.25,0.8,0.02,0.017,0.08,0.99,0.18,0.19,1120,0.03,0,0.01,469
174,870,855,30,8,30,0,30,0,30,650,60,24,0.35,0.25,0.71,0.02,0.013,0.02,1.06,0.02,0.17,1740,0.05,0,0,496
175,870,855,30,8,30,0,30,0,30,650,60,24,0.33,0.27,0.69,0.015,0.008,0.04,0.99,0.05,0.18,640,0.03,0,0,467
176,870,855,30,8,30,0,30,0,30,650,60,24,0.35,0.25,0.7,0.026,0.018,0.01,1,0.02,0.16,820,0.1,0,0,511
177,870,855,30,8,30,0,30,0,30,650,60,24,0.37,0.29,0.76,0.017,0.009,0.12,1.01,0.12,0.16,500,0.05,0,0.02,490
178,870,855,30,8,30,0,30,0,30,650,60,24,0.38,0.27,0.8,0.015,0.012,0.07,1.07,0.12,0.16,1120,0.03,0,0.02,523
179,870,855,30,8,30,0,30,0,30,650,60,24,0.34,0.29,0.71,0.019,0.013,0.11,1.05,0.12,0.16,500,0.08,0,0,476
180,870,855,30,8,30,0,30,0,30,550,60,24,0.41,0.24,0.77,0.014,0.015,0.04,1.06,0.05,0.2,530,0.03,0,0,610
181,870,855,30,8,30,0,30,0,30,550,60,24,0.39,0.27,0.86,0.019,0.008,0.1,0.96,0.12,0.17,500,0.08,0,0.01,581
182,870,855,30,8,30,0,30,0,30,550,60,24,0.43,0.26,0.74,0.019,0.012,0.02,1.07,0.02,0.22,1740,0.06,0,0,625
183,870,855,30,8,30,0,30,0,30,550,60,24,0.4,0.26,0.77,0.018,0.005,0.05,0.98,0.13,0.17,610,0.05,0,0.01,562
184,870,855,30,8,30,0,30,0,30,550,60,24,0.41,0.24,0.8,0.015,0.024,0.03,1.02,0.1,0.18,510,0.04,0,0.01,635
185,870,855,30,8,30,0,30,0,30,550,60,24,0.41,0.25,0.74,0.013,0.019,0.05,0.99,0.08,0.16,700,0.03,0,0,566
186,870,855,30,8,30,0,30,0,30,550,60,24,0.39,0.28,0.77,0.021,0.018,0.09,1.08,0.15,0.19,1120,0.02,0,0.01,638
187,870,855,30,8,30,0,30,0,30,550,60,24,0.37,0.24,0.69,0.018,0.016,0.02,1,0.02,0.19,1740,0.06,0,0.01,606
188,870,855,30,8,30,0,30,0,30,550,60,24,0.42,0.29,0.77,0.015,0.017,0.12,1.1,0.09,0.15,500,0.09,0.01,0.01,582
189,870,855,30,8,30,0,30,0,30,550,60,24,0.42,0.28,0.75,0.015,0.008,0.07,1.04,0.12,0.17,820,0.04,0,0.01,634
190,870,855,30,8,30,0,30,0,30,550,60,24,0.4,0.26,0.74,0.024,0.017,0.13,1.01,0.15,0.17,500,0.1,0,0,585
191,870,855,30,8,30,0,30,0,30,550,60,24,0.4,0.25,0.87,0.011,0.015,0.07,1.06,0.11,0.18,700,0.07,0.01,0,603
192,870,855,30,8,30,0,30,0,30,550,60,24,0.4,0.22,0.7,0.01,0.004,0.04,0.94,0.12,0.17,820,0.02,0,0.02,625
193,870,855,30,8,30,0,30,0,30,550,60,24,0.4,0.25,0.74,0.014,0.028,0.24,0.96,0.1,0.18,510,0.04,0,0.03,631
194,870,855,30,8,30,0,30,0,30,550,60,24,0.44,0.26,0.75,0.017,0.012,0.02,1.05,0.02,0.21,1740,0.04,0,0,625
195,870,855,30,8,30,0,30,0,30,600,60,24,0.41,0.24,0.77,0.014,0.015,0.04,1.06,0.05,0.2,530,0.03,0,0,551
196,870,855,30,8,30,0,30,0,30,600,60,24,0.39,0.27,0.86,0.019,0.008,0.1,0.96,0.12,0.17,500,0.08,0,0.01,539
197,870,855,30,8,30,0,30,0,30,600,60,24,0.43,0.26,0.74,0.019,0.012,0.02,1.07,0.02,0.22,1740,0.06,0,0,564
198,870,855,30,8,30,0,30,0,30,600,60,24,0.4,0.26,0.77,0.018,0.005,0.05,0.98,0.13,0.17,610,0.05,0,0.01,550
199,870,855,30,8,30,0,30,0,30,600,60,24,0.41,0.24,0.8,0.015,0.024,0.03,1.02,0.1,0.18,510,0.04,0,0.01,590
200,870,855,30,8,30,0,30,0,30,600,60,24,0.41,0.25,0.74,0.013,0.019,0.05,0.99,0.08,0.16,700,0.03,0,0,527
201,870,855,30,8,30,0,30,0,30,600,60,24,0.39,0.28,0.77,0.021,0.018,0.09,1.08,0.15,0.19,1120,0.02,0,0.01,557
202,870,855,30,8,30,0,30,0,30,600,60,24,0.37,0.24,0.69,0.018,0.016,0.02,1,0.02,0.19,1740,0.06,0,0.01,551
203,870,855,30,8,30,0,30,0,30,600,60,24,0.42,0.29,0.77,0.015,0.017,0.12,1.1,0.09,0.15,500,0.09,0.01,0.01,583
204,870,855,30,8,30,0,30,0,30,600,60,24,0.42,0.28,0.75,0.015,0.008,0.07,1.04,0.12,0.17,820,0.04,0,0.01,570
205,870,855,30,8,30,0,30,0,30,600,60,24,0.4,0.26,0.74,0.024,0.017,0.13,1.01,0.15,0.17,500,0.1,0,0,543
206,870,855,30,8,30,0,30,0,30,600,60,24,0.4,0.25,0.87,0.011,0.015,0.07,1.06,0.11,0.18,700,0.07,0.01,0,543
207,870,855,30,8,30,0,30,0,30,600,60,24,0.4,0.22,0.7,0.01,0.004,0.04,0.94,0.12,0.17,820,0.02,0,0.02,563
208,870,855,30,8,30,0,30,0,30,600,60,24,0.4,0.25,0.74,0.014,0.028,0.24,0.96,0.1,0.18,510,0.04,0,0.03,577
209,870,855,30,8,30,0,30,0,30,600,60,24,0.44,0.26,0.75,0.017,0.012,0.02,1.05,0.02,0.21,1740,0.04,0,0,578
210,870,855,30,8,30,0,30,0,30,650,60,24,0.41,0.24,0.77,0.014,0.015,0.04,1.06,0.05,0.2,530,0.03,0,0,490
211,870,855,30,8,30,0,30,0,30,650,60,24,0.39,0.27,0.86,0.019,0.008,0.1,0.96,0.12,0.17,500,0.08,0,0.01,496
212,870,855,30,8,30,0,30,0,30,650,60,24,0.43,0.26,0.74,0.019,0.012,0.02,1.07,0.02,0.22,1740,0.06,0,0,511
213,870,855,30,8,30,0,30,0,30,650,60,24,0.4,0.26,0.77,0.018,0.005,0.05,0.98,0.13,0.17,610,0.05,0,0.01,494
214,870,855,30,8,30,0,30,0,30,650,60,24,0.41,0.24,0.8,0.015,0.024,0.03,1.02,0.1,0.18,510,0.04,0,0.01,517
215,870,855,30,8,30,0,30,0,30,650,60,24,0.41,0.25,0.74,0.013,0.019,0.05,0.99,0.08,0.16,700,0.03,0,0,480
216,870,855,30,8,30,0,30,0,30,650,60,24,0.39,0.28,0.77,0.021,0.018,0.09,1.08,0.15,0.19,1120,0.02,0,0.01,502
217,870,855,30,8,30,0,30,0,30,650,60,24,0.37,0.24,0.69,0.018,0.016,0.02,1,0.02,0.19,1740,0.06,0,0.01,504
218,870,855,30,8,30,0,30,0,30,650,60,24,0.42,0.29,0.77,0.015,0.017,0.12,1.1,0.09,0.15,500,0.09,0.01,0.01,505
219,870,855,30,8,30,0,30,0,30,650,60,24,0.42,0.28,0.75,0.015,0.008,0.07,1.04,0.12,0.17,820,0.04,0,0.01,502
220,870,855,30,8,30,0,30,0,30,650,60,24,0.4,0.26,0.74,0.024,0.017,0.13,1.01,0.15,0.17,500,0.1,0,0,496
221,870,855,30,8,30,0,30,0,30,650,60,24,0.4,0.25,0.87,0.011,0.015,0.07,1.06,0.11,0.18,700,0.07,0.01,0,501
222,870,855,30,8,30,0,30,0,30,650,60,24,0.4,0.22,0.7,0.01,0.004,0.04,0.94,0.12,0.17,820,0.02,0,0.02,517
223,870,855,30,8,30,0,30,0,30,650,60,24,0.4,0.25,0.74,0.014,0.028,0.24,0.96,0.1,0.18,510,0.04,0,0.03,523
224,870,855,30,8,30,0,30,0,30,650,60,24,0.44,0.26,0.75,0.017,0.012,0.02,1.05,0.02,0.21,1740,0.04,0,0,516
225,870,845,30,8,30,0,30,0,30,550,60,24,0.39,0.22,1.57,0.017,0.018,0.05,0.13,0.06,0,480,0.01,0,0.01,486
226,870,845,30,8,30,0,30,0,30,550,60,24,0.38,0.27,1.52,0.012,0.007,0.03,0.13,0.07,0,610,0.03,0,0.01,427
227,870,845,30,8,30,0,30,0,30,550,60,24,0.4,0.25,1.34,0.017,0.015,0.02,0.13,0.02,0,1740,0.06,0,0.01,510
228,870,845,30,8,30,0,30,0,30,550,60,24,0.4,0.22,1.56,0.011,0.019,0.06,0.09,0.05,0,530,0.02,0,0.01,451
229,870,845,30,8,30,0,30,0,30,550,60,24,0.41,0.24,1.51,0.02,0.008,0.04,0.22,0.08,0,610,0.02,0.01,0.02,425
230,870,845,30,8,30,0,30,0,30,550,60,24,0.38,0.21,1.59,0.017,0.015,0.03,0.2,0.05,0,480,0.02,0,0,432
231,870,845,30,8,30,0,30,0,30,550,60,24,0.4,0.25,1.38,0.017,0.012,0.02,0.03,0.02,0,1740,0.06,0,0.01,482
232,870,845,30,8,30,0,30,0,30,600,60,24,0.39,0.22,1.57,0.017,0.018,0.05,0.13,0.06,0,480,0.01,0,0.01,435
233,870,845,30,8,30,0,30,0,30,600,60,24,0.38,0.27,1.52,0.012,0.007,0.03,0.13,0.07,0,610,0.03,0,0.01,406
234,870,845,30,8,30,0,30,0,30,600,60,24,0.4,0.25,1.34,0.017,0.015,0.02,0.13,0.02,0,1740,0.06,0,0.01,470
235,870,845,30,8,30,0,30,0,30,600,60,24,0.4,0.22,1.56,0.011,0.019,0.06,0.09,0.05,0,530,0.02,0,0.01,438
236,870,845,30,8,30,0,30,0,30,600,60,24,0.41,0.24,1.51,0.02,0.008,0.04,0.22,0.08,0,610,0.02,0.01,0.02,404
237,870,845,30,8,30,0,30,0,30,600,60,24,0.38,0.21,1.59,0.017,0.015,0.03,0.2,0.05,0,480,0.02,0,0,406
238,870,845,30,8,30,0,30,0,30,600,60,24,0.4,0.25,1.38,0.017,0.012,0.02,0.03,0.02,0,1740,0.06,0,0.01,443
239,870,845,30,8,30,0,30,0,30,650,60,24,0.39,0.22,1.57,0.017,0.018,0.05,0.13,0.06,0,480,0.01,0,0.01,397
240,870,845,30,8,30,0,30,0,30,650,60,24,0.38,0.27,1.52,0.012,0.007,0.03,0.13,0.07,0,610,0.03,0,0.01,385
241,870,845,30,8,30,0,30,0,30,650,60,24,0.4,0.25,1.34,0.017,0.015,0.02,0.13,0.02,0,1740,0.06,0,0.01,425
242,870,845,30,8,30,0,30,0,30,650,60,24,0.4,0.22,1.56,0.011,0.019,0.06,0.09,0.05,0,530,0.02,0,0.01,396
243,870,845,30,8,30,0,30,0,30,650,60,24,0.41,0.24,1.51,0.02,0.008,0.04,0.22,0.08,0,610,0.02,0.01,0.02,380
244,870,845,30,8,30,0,30,0,30,650,60,24,0.38,0.21,1.59,0.017,0.015,0.03,0.2,0.05,0,480,0.02,0,0,363
245,870,845,30,8,30,0,30,0,30,650,60,24,0.4,0.25,1.38,0.017,0.012,0.02,0.03,0.02,0,1740,0.06,0,0.01,398
246,870,845,30,8,30,0,30,0,30,550,60,24,0.42,0.23,1.5,0.01,0.009,0.04,0.15,0.05,0,820,0.03,0,0,505
247,870,845,30,8,30,0,30,0,30,550,60,24,0.43,0.34,1.38,0.017,0.01,0.08,0.26,0.1,0,1100,0.03,0,0,536
248,870,845,30,8,30,0,30,0,30,550,60,24,0.42,0.21,1.6,0.014,0.015,0.03,0.12,0.07,0,480,0.02,0,0,484
249,870,845,30,8,30,0,30,0,30,550,60,24,0.42,0.24,1.58,0.014,0.022,0.06,0.17,0.07,0,480,0.02,0,0,495
250,870,845,30,8,30,0,30,0,30,550,60,24,0.42,0.21,1.51,0.026,0.019,0.02,0.12,0.01,0,1510,0,0,0.03,551
251,870,845,30,8,30,0,30,0,30,550,60,24,0.45,0.33,1.58,0.008,0.007,0.06,0.1,0.08,0,740,0.02,0,0.01,477
252,870,845,30,8,30,0,30,0,30,550,60,24,0.41,0.34,1.36,0.02,0.015,0.07,0.27,0.1,0,1100,0.04,0,0,530
253,870,845,30,8,30,0,30,0,30,550,60,24,0.4,0.25,1.47,0.027,0.016,0.02,0.04,0.01,0,1510,0,0,0.02,516
254,870,845,30,8,30,0,30,0,30,550,60,24,0.41,0.22,1.48,0.01,0.007,0.03,0.08,0.06,0,820,0.02,0,0.01,445
255,870,845,30,8,30,0,30,0,30,550,60,24,0.46,0.3,1.49,0.014,0.008,0.1,0.26,0.1,0,1100,0.03,0,0,551
256,870,845,30,8,30,0,30,0,30,550,60,24,0.43,0.26,1.46,0.012,0.017,0.02,0.19,0.02,0,1740,0.07,0,0,510
257,870,845,30,8,30,0,30,0,30,550,60,24,0.41,0.22,1.58,0.014,0.018,0.04,0.13,0.05,0,480,0.02,0,0,443
258,870,845,30,8,30,0,30,0,30,600,60,24,0.42,0.23,1.5,0.01,0.009,0.04,0.15,0.05,0,820,0.03,0,0,449
259,870,845,30,8,30,0,30,0,30,600,60,24,0.43,0.34,1.38,0.017,0.01,0.08,0.26,0.1,0,1100,0.03,0,0,502
260,870,845,30,8,30,0,30,0,30,600,60,24,0.42,0.21,1.6,0.014,0.015,0.03,0.12,0.07,0,480,0.02,0,0,451
261,870,845,30,8,30,0,30,0,30,600,60,24,0.42,0.24,1.58,0.014,0.022,0.06,0.17,0.07,0,480,0.02,0,0,459
262,870,845,30,8,30,0,30,0,30,600,60,24,0.42,0.21,1.51,0.026,0.019,0.02,0.12,0.01,0,1510,0,0,0.03,497
263,870,845,30,8,30,0,30,0,30,600,60,24,0.45,0.33,1.58,0.008,0.007,0.06,0.1,0.08,0,740,0.02,0,0.01,451
264,870,845,30,8,30,0,30,0,30,600,60,24,0.41,0.34,1.36,0.02,0.015,0.07,0.27,0.1,0,1100,0.04,0,0,497
265,870,845,30,8,30,0,30,0,30,600,60,24,0.4,0.25,1.47,0.027,0.016,0.02,0.04,0.01,0,1510,0,0,0.02,461
266,870,845,30,8,30,0,30,0,30,600,60,24,0.41,0.22,1.48,0.01,0.007,0.03,0.08,0.06,0,820,0.02,0,0.01,399
267,870,845,30,8,30,0,30,0,30,600,60,24,0.46,0.3,1.49,0.014,0.008,0.1,0.26,0.1,0,1100,0.03,0,0,502
268,870,845,30,8,30,0,30,0,30,600,60,24,0.43,0.26,1.46,0.012,0.017,0.02,0.19,0.02,0,1740,0.07,0,0,490
269,870,845,30,8,30,0,30,0,30,600,60,24,0.41,0.22,1.58,0.014,0.018,0.04,0.13,0.05,0,480,0.02,0,0,424
270,870,845,30,8,30,0,30,0,30,650,60,24,0.42,0.23,1.5,0.01,0.009,0.04,0.15,0.05,0,820,0.03,0,0,411
271,870,845,30,8,30,0,30,0,30,650,60,24,0.43,0.34,1.38,0.017,0.01,0.08,0.26,0.1,0,1100,0.03,0,0,448
272,870,845,30,8,30,0,30,0,30,650,60,24,0.42,0.21,1.6,0.014,0.015,0.03,0.12,0.07,0,480,0.02,0,0,404
273,870,845,30,8,30,0,30,0,30,650,60,24,0.42,0.24,1.58,0.014,0.022,0.06,0.17,0.07,0,480,0.02,0,0,411
274,870,845,30,8,30,0,30,0,30,650,60,24,0.42,0.21,1.51,0.026,0.019,0.02,0.12,0.01,0,1510,0,0,0.03,438
275,870,845,30,8,30,0,30,0,30,650,60,24,0.45,0.33,1.58,0.008,0.007,0.06,0.1,0.08,0,740,0.02,0,0.01,410
276,870,845,30,8,30,0,30,0,30,650,60,24,0.41,0.34,1.36,0.02,0.015,0.07,0.27,0.1,0,1100,0.04,0,0,450
277,870,845,30,8,30,0,30,0,30,650,60,24,0.4,0.25,1.47,0.027,0.016,0.02,0.04,0.01,0,1510,0,0,0.02,410
278,870,845,30,8,30,0,30,0,30,650,60,24,0.41,0.22,1.48,0.01,0.007,0.03,0.08,0.06,0,820,0.02,0,0.01,383
279,870,845,30,8,30,0,30,0,30,650,60,24,0.46,0.3,1.49,0.014,0.008,0.1,0.26,0.1,0,1100,0.03,0,0,460
280,870,845,30,8,30,0,30,0,30,650,60,24,0.43,0.26,1.46,0.012,0.017,0.02,0.19,0.02,0,1740,0.07,0,0,442
281,870,845,30,8,30,0,30,0,30,650,60,24,0.41,0.22,1.58,0.014,0.018,0.04,0.13,0.05,0,480,0.02,0,0,399
282,900,845,30,8,30,0,30,0,30,550,60,24,0.32,0.3,0.49,0.008,0.006,2.66,0.82,0.09,0,610,0,0,0.01,563
283,900,845,30,8,30,0,30,0,30,550,60,24,0.32,0.24,0.58,0.009,0.01,2.65,0.71,0.06,0,700,0.01,0.01,0.03,530
284,900,845,30,8,30,0,30,0,30,550,60,24,0.32,0.29,0.54,0.018,0.004,2.64,0.75,0.05,0,420,0,0,0.02,570
285,900,845,30,8,30,0,30,0,30,550,60,24,0.35,0.26,0.54,0.019,0.003,2.78,0.89,0.05,0,420,0,0,0.02,578
286,900,845,30,8,30,0,30,0,30,550,60,24,0.31,0.22,0.56,0.016,0.016,2.63,0.71,0.1,0,700,0.01,0,0.01,537
287,900,845,30,8,30,0,30,0,30,550,60,24,0.33,0.3,0.49,0.009,0.006,2.66,0.82,0.06,0,820,0.01,0,0.01,569
288,900,845,30,8,30,0,30,0,30,550,60,24,0.28,0.27,0.53,0.019,0.009,2.67,0.87,0.05,0,420,0.02,0,0.02,576
289,900,845,30,8,30,0,30,0,30,550,60,24,0.34,0.26,0.65,0.01,0.009,2.63,0.84,0.05,0,700,0.01,0,0.01,549
290,900,845,30,8,30,0,30,0,30,550,60,24,0.3,0.27,0.53,0.018,0.008,2.7,0.81,0.07,0,820,0.01,0,0.01,522
291,900,845,30,8,30,0,30,0,30,550,60,24,0.32,0.3,0.52,0.013,0.009,2.67,0.77,0.06,0,1740,0.03,0,0,570
292,900,845,30,8,30,0,30,0,30,600,60,24,0.32,0.3,0.49,0.008,0.006,2.66,0.82,0.09,0,610,0,0,0.01,510
293,900,845,30,8,30,0,30,0,30,600,60,24,0.32,0.24,0.58,0.009,0.01,2.65,0.71,0.06,0,700,0.01,0.01,0.03,510
294,900,845,30,8,30,0,30,0,30,600,60,24,0.32,0.29,0.54,0.018,0.004,2.64,0.75,0.05,0,420,0,0,0.02,517
295,900,845,30,8,30,0,30,0,30,600,60,24,0.35,0.26,0.54,0.019,0.003,2.78,0.89,0.05,0,420,0,0,0.02,540
296,900,845,30,8,30,0,30,0,30,600,60,24,0.31,0.22,0.56,0.016,0.016,2.63,0.71,0.1,0,700,0.01,0,0.01,518
297,900,845,30,8,30,0,30,0,30,600,60,24,0.33,0.3,0.49,0.009,0.006,2.66,0.82,0.06,0,820,0.01,0,0.01,523
298,900,845,30,8,30,0,30,0,30,600,60,24,0.28,0.27,0.53,0.019,0.009,2.67,0.87,0.05,0,420,0.02,0,0.02,537
299,900,845,30,8,30,0,30,0,30,600,60,24,0.34,0.26,0.65,0.01,0.009,2.63,0.84,0.05,0,700,0.01,0,0.01,536
300,900,845,30,8,30,0,30,0,30,600,60,24,0.3,0.27,0.53,0.018,0.008,2.7,0.81,0.07,0,820,0.01,0,0.01,503
301,900,845,30,8,30,0,30,0,30,600,60,24,0.32,0.3,0.52,0.013,0.009,2.67,0.77,0.06,0,1740,0.03,0,0,540
302,900,845,30,8,30,0,30,0,30,650,60,24,0.32,0.3,0.49,0.008,0.006,2.66,0.82,0.09,0,610,0,0,0.01,490
303,900,845,30,8,30,0,30,0,30,650,60,24,0.32,0.24,0.58,0.009,0.01,2.65,0.71,0.06,0,700,0.01,0.01,0.03,477
304,900,845,30,8,30,0,30,0,30,650,60,24,0.32,0.29,0.54,0.018,0.004,2.64,0.75,0.05,0,420,0,0,0.02,483
305,900,845,30,8,30,0,30,0,30,650,60,24,0.35,0.26,0.54,0.019,0.003,2.78,0.89,0.05,0,420,0,0,0.02,503
306,900,845,30,8,30,0,30,0,30,650,60,24,0.31,0.22,0.56,0.016,0.016,2.63,0.71,0.1,0,700,0.01,0,0.01,471
307,900,845,30,8,30,0,30,0,30,650,60,24,0.33,0.3,0.49,0.009,0.006,2.66,0.82,0.06,0,820,0.01,0,0.01,476
308,900,845,30,8,30,0,30,0,30,650,60,24,0.28,0.27,0.53,0.019,0.009,2.67,0.87,0.05,0,420,0.02,0,0.02,502
309,900,845,30,8,30,0,30,0,30,650,60,24,0.34,0.26,0.65,0.01,0.009,2.63,0.84,0.05,0,700,0.01,0,0.01,496
310,900,845,30,8,30,0,30,0,30,650,60,24,0.3,0.27,0.53,0.018,0.008,2.7,0.81,0.07,0,820,0.01,0,0.01,471
311,900,845,30,8,30,0,30,0,30,650,60,24,0.32,0.3,0.52,0.013,0.009,2.67,0.77,0.06,0,1740,0.03,0,0,497
312,870,845,30,8,30,0,30,0,30,580,60,24,0.39,0.19,0.77,0.01,0.012,1.67,0.72,0.07,0.18,640,0.01,0,0,591
313,870,845,30,8,30,0,30,0,30,580,60,24,0.4,0.23,0.7,0.011,0.01,1.82,0.78,0.09,0.18,740,0.05,0,0.01,590
314,870,845,30,8,30,0,30,0,30,580,60,24,0.4,0.29,0.79,0.022,0.009,1.92,0.96,0.05,0.24,420,0.03,0,0.01,606
315,870,845,30,8,30,0,30,0,30,580,60,24,0.4,0.25,0.7,0.021,0.02,1.63,0.71,0.08,0.17,590,0.07,0,0.01,584
316,870,845,30,8,30,0,30,0,30,580,60,24,0.38,0.26,0.71,0.016,0.017,1.8,0.75,0.04,0.23,5530,0.08,0,0.01,604
317,870,845,30,8,30,0,30,0,30,580,60,24,0.4,0.33,0.73,0.011,0.012,1.71,0.74,0.08,0.2,1290,0.06,0,0,591
318,870,845,30,8,30,0,30,0,30,580,60,24,0.42,0.25,0.73,0.012,0.021,1.69,0.73,0.09,0.22,640,0.02,0.01,0.01,588
319,870,845,30,8,30,0,30,0,30,580,60,24,0.38,0.26,0.71,0.016,0.008,1.66,0.72,0.12,0.16,590,0.06,0.01,0,588
320,870,845,30,8,30,0,30,0,30,580,60,24,0.41,0.29,0.74,0.013,0.01,1.84,0.74,0.12,0.22,820,0.04,0,0,550
321,870,845,30,8,30,0,30,0,30,580,60,24,0.39,0.25,0.71,0.015,0.013,1.76,0.82,0.09,0.23,640,0.03,0,0,609
322,870,845,30,8,30,0,30,0,30,580,60,24,0.38,0.29,0.7,0.012,0.008,1.75,0.74,0.07,0.19,820,0.04,0.01,0.01,604
323,870,845,30,8,30,0,30,0,30,580,60,24,0.42,0.3,0.78,0.016,0.004,1.9,0.86,0.04,0.24,420,0.03,0,0,619
324,870,845,30,8,30,0,30,0,30,580,60,24,0.37,0.29,0.76,0.017,0.01,1.88,0.9,0.03,0.24,420,0.07,0,0.01,643
325,870,845,30,8,30,0,30,0,30,580,60,24,0.43,0.26,0.68,0.012,0.018,1.62,0.68,0.09,0.17,590,0.07,0,0,569
326,870,845,30,8,30,0,30,0,30,630,60,24,0.39,0.19,0.77,0.01,0.012,1.67,0.72,0.07,0.18,640,0.01,0,0,551
327,870,845,30,8,30,0,30,0,30,630,60,24,0.4,0.23,0.7,0.011,0.01,1.82,0.78,0.09,0.18,740,0.05,0,0.01,543
328,870,845,30,8,30,0,30,0,30,630,60,24,0.4,0.29,0.79,0.022,0.009,1.92,0.96,0.05,0.24,420,0.03,0,0.01,543
329,870,845,30,8,30,0,30,0,30,630,60,24,0.4,0.25,0.7,0.021,0.02,1.63,0.71,0.08,0.17,590,0.07,0,0.01,524
330,870,845,30,8,30,0,30,0,30,630,60,24,0.38,0.26,0.71,0.016,0.017,1.8,0.75,0.04,0.23,5530,0.08,0,0.01,571
331,870,845,30,8,30,0,30,0,30,630,60,24,0.4,0.33,0.73,0.011,0.012,1.71,0.74,0.08,0.2,1290,0.06,0,0,542
332,870,845,30,8,30,0,30,0,30,630,60,24,0.42,0.25,0.73,0.012,0.021,1.69,0.73,0.09,0.22,640,0.02,0.01,0.01,531
333,870,845,30,8,30,0,30,0,30,630,60,24,0.38,0.26,0.71,0.016,0.008,1.66,0.72,0.12,0.16,590,0.06,0.01,0,531
334,870,845,30,8,30,0,30,0,30,630,60,24,0.41,0.29,0.74,0.013,0.01,1.84,0.74,0.12,0.22,820,0.04,0,0,512
335,870,845,30,8,30,0,30,0,30,630,60,24,0.39,0.25,0.71,0.015,0.013,1.76,0.82,0.09,0.23,640,0.03,0,0,563
336,870,845,30,8,30,0,30,0,30,630,60,24,0.38,0.29,0.7,0.012,0.008,1.75,0.74,0.07,0.19,820,0.04,0.01,0.01,550
337,870,845,30,8,30,0,30,0,30,630,60,24,0.42,0.3,0.78,0.016,0.004,1.9,0.86,0.04,0.24,420,0.03,0,0,583
338,870,845,30,8,30,0,30,0,30,630,60,24,0.37,0.29,0.76,0.017,0.01,1.88,0.9,0.03,0.24,420,0.07,0,0.01,583
339,870,845,30,8,30,0,30,0,30,630,60,24,0.43,0.26,0.68,0.012,0.018,1.62,0.68,0.09,0.17,590,0.07,0,0,550
340,870,845,30,8,30,0,30,0,30,680,60,24,0.39,0.19,0.77,0.01,0.012,1.67,0.72,0.07,0.18,640,0.01,0,0,482
341,870,845,30,8,30,0,30,0,30,680,60,24,0.4,0.23,0.7,0.011,0.01,1.82,0.78,0.09,0.18,740,0.05,0,0.01,482
342,870,845,30,8,30,0,30,0,30,680,60,24,0.4,0.29,0.79,0.022,0.009,1.92,0.96,0.05,0.24,420,0.03,0,0.01,490
343,870,845,30,8,30,0,30,0,30,680,60,24,0.4,0.25,0.7,0.021,0.02,1.63,0.71,0.08,0.17,590,0.07,0,0.01,476
344,870,845,30,8,30,0,30,0,30,680,60,24,0.38,0.26,0.71,0.016,0.017,1.8,0.75,0.04,0.23,5530,0.08,0,0.01,483
345,870,845,30,8,30,0,30,0,30,680,60,24,0.4,0.33,0.73,0.011,0.012,1.71,0.74,0.08,0.2,1290,0.06,0,0,480
346,870,845,30,8,30,0,30,0,30,680,60,24,0.42,0.25,0.73,0.012,0.021,1.69,0.73,0.09,0.22,640,0.02,0.01,0.01,491
347,870,845,30,8,30,0,30,0,30,680,60,24,0.38,0.26,0.71,0.016,0.008,1.66,0.72,0.12,0.16,590,0.06,0.01,0,471
348,870,845,30,8,30,0,30,0,30,680,60,24,0.41,0.29,0.74,0.013,0.01,1.84,0.74,0.12,0.22,820,0.04,0,0,469
349,870,845,30,8,30,0,30,0,30,680,60,24,0.39,0.25,0.71,0.015,0.013,1.76,0.82,0.09,0.23,640,0.03,0,0,490
350,870,845,30,8,30,0,30,0,30,680,60,24,0.38,0.29,0.7,0.012,0.008,1.75,0.74,0.07,0.19,820,0.04,0.01,0.01,483
351,870,845,30,8,30,0,30,0,30,680,60,24,0.42,0.3,0.78,0.016,0.004,1.9,0.86,0.04,0.24,420,0.03,0,0,498
352,870,845,30,8,30,0,30,0,30,680,60,24,0.37,0.29,0.76,0.017,0.01,1.88,0.9,0.03,0.24,420,0.07,0,0.01,491
353,870,845,30,8,30,0,30,0,30,680,60,24,0.43,0.26,0.68,0.012,0.018,1.62,0.68,0.09,0.17,590,0.07,0,0,463
354,870,845,30,8,30,0,30,0,30,580,60,24,0.47,0.28,0.72,0.011,0.007,1.76,0.79,0.06,0,740,0.03,0,0.01,600
355,870,845,30,8,30,0,30,0,30,580,60,24,0.47,0.19,0.76,0.013,0.013,1.67,0.71,0.06,0,640,0.02,0,0,615
356,870,845,30,8,30,0,30,0,30,580,60,24,0.44,0.25,0.74,0.01,0.009,1.74,0.79,0.09,0,820,0.02,0,0.02,607
357,870,845,30,8,30,0,30,0,30,580,60,24,0.45,0.16,0.79,0.009,0.016,1.65,0.73,0.05,0,640,0.01,0,0,596
358,870,845,30,8,30,0,30,0,30,580,60,24,0.48,0.2,0.7,0.01,0.016,1.66,0.73,0.11,0,640,0.03,0,0,618
359,870,845,30,8,30,0,30,0,30,580,60,24,0.49,0.29,0.69,0.014,0.011,1.8,0.77,0.07,0,820,0.06,0,0.01,585
360,870,845,30,8,30,0,30,0,30,630,60,24,0.47,0.28,0.72,0.011,0.007,1.76,0.79,0.06,0,740,0.03,0,0.01,551
361,870,845,30,8,30,0,30,0,30,630,60,24,0.47,0.19,0.76,0.013,0.013,1.67,0.71,0.06,0,640,0.02,0,0,556
362,870,845,30,8,30,0,30,0,30,630,60,24,0.44,0.25,0.74,0.01,0.009,1.74,0.79,0.09,0,820,0.02,0,0.02,550
363,870,845,30,8,30,0,30,0,30,630,60,24,0.45,0.16,0.79,0.009,0.016,1.65,0.73,0.05,0,640,0.01,0,0,537
364,870,845,30,8,30,0,30,0,30,630,60,24,0.48,0.2,0.7,0.01,0.016,1.66,0.73,0.11,0,640,0.03,0,0,543
365,870,845,30,8,30,0,30,0,30,630,60,24,0.49,0.29,0.69,0.014,0.011,1.8,0.77,0.07,0,820,0.06,0,0.01,543
366,870,845,30,8,30,0,30,0,30,680,60,24,0.47,0.28,0.72,0.011,0.007,1.76,0.79,0.06,0,740,0.03,0,0.01,471
367,870,845,30,8,30,0,30,0,30,680,60,24,0.47,0.19,0.76,0.013,0.013,1.67,0.71,0.06,0,640,0.02,0,0,476
368,870,845,30,8,30,0,30,0,30,680,60,24,0.44,0.25,0.74,0.01,0.009,1.74,0.79,0.09,0,820,0.02,0,0.02,482
369,870,845,30,8,30,0,30,0,30,680,60,24,0.45,0.16,0.79,0.009,0.016,1.65,0.73,0.05,0,640,0.01,0,0,477
370,870,845,30,8,30,0,30,0,30,680,60,24,0.48,0.2,0.7,0.01,0.016,1.66,0.73,0.11,0,640,0.03,0,0,491
371,870,845,30,8,30,0,30,0,30,680,60,24,0.49,0.29,0.69,0.014,0.011,1.8,0.77,0.07,0,820,0.06,0,0.01,479
372,845,845,30,8,30,0,30,0,30,430,60,24,0.6,1.96,0.85,0.019,0.004,0.05,0.15,0.12,0,721,0.017,0,0.021,781
373,845,845,30,8,30,0,30,0,30,430,60,24,0.59,1.99,0.92,0.027,0.01,0.01,0.15,0.01,0,1228,0.04,0,0,698
374,845,845,30,8,30,0,30,0,30,430,60,24,0.61,2.05,0.86,0.019,0.014,0.16,0.16,0.12,0,1455,0.07,0,0.01,906
375,845,845,30,8,30,0,30,0,30,500,60,24,0.6,1.96,0.85,0.019,0.004,0.05,0.15,0.12,0,721,0.017,0,0.021,740
376,845,845,30,8,30,0,30,0,30,500,60,24,0.59,1.99,0.92,0.027,0.01,0.01,0.15,0.01,0,1228,0.04,0,0,678
377,845,845,30,8,30,0,30,0,30,500,60,24,0.61,2.05,0.86,0.019,0.014,0.16,0.16,0.12,0,1455,0.07,0,0.01,770
378,845,845,30,8,30,0,30,0,30,420,60,24,0.61,0.28,0.87,0.019,0.02,0.08,0.87,0.2,0.05,622,0.067,0,0.012,794
379,845,845,30,8,30,0,30,0,30,420,60,24,0.63,0.17,0.77,0.026,0.014,0.03,0.81,0.02,0.01,289,0.05,0,0,855
380,845,845,30,8,30,0,30,0,30,420,60,24,0.62,0.29,0.88,0.026,0.007,0.05,0.75,0.12,0.03,796,0.058,0,0.004,768
381,845,845,30,8,30,0,30,0,30,490,60,24,0.61,0.28,0.87,0.019,0.02,0.08,0.87,0.2,0.05,622,0.067,0,0.012,745
382,845,845,30,8,30,0,30,0,30,490,60,24,0.63,0.17,0.77,0.026,0.014,0.03,0.81,0.02,0.01,289,0.05,0,0,707
383,845,845,30,8,30,0,30,0,30,490,60,24,0.62,0.29,0.88,0.026,0.007,0.05,0.75,0.12,0.03,796,0.058,0,0.004,718
384,845,845,30,8,30,0,30,0,30,430,60,24,0.53,1.49,0.69,0.011,0.007,0.02,0.74,0.01,0,925,0.03,0,0,874
385,845,845,30,8,30,0,30,0,30,430,60,24,0.53,1.31,0.75,0.004,0.004,0.04,0.63,0.06,0.01,1455,0.02,0.01,0.01,829
386,845,845,30,8,30,0,30,0,30,430,60,24,0.53,1.51,0.68,0.013,0.011,0.13,0.68,0.26,0.05,622,0.05,0,0.058,700
387,845,845,30,8,30,0,30,0,30,500,60,24,0.54,1.5,0.69,0.013,0.007,0.02,0.74,0.01,0,925,0.03,0,0,806
388,845,845,30,8,30,0,30,0,30,500,60,24,0.53,1.31,0.75,0.007,0.003,0.04,0.64,0.06,0.01,1455,0.02,0.01,0.01,720
389,845,845,30,8,30,0,30,0,30,500,60,24,0.53,1.5,0.67,0.014,0.011,0.13,0.67,0.26,0.05,622,0.05,0,0.058,688
390,930,30,0,0,930,139.8,850,15,60,160,120,0.5,0.21,0.29,0.62,0.015,0.016,1.62,0.59,0.07,0.21,440,0.008,0,0,1034
391,930,30,0,0,930,139.8,850,15,60,160,120,0.5,0.23,0.35,0.51,0.008,0.012,1.69,0.55,0.11,0.18,860,0.07,0.01,0,1139
392,930,30,0,0,930,139.8,850,15,60,160,120,0.5,0.17,0.28,0.55,0.002,0.016,1.64,0.45,0.05,0.16,440,0.017,0,0.008,1002
393,930,30,0,0,930,469.8,850,15,60,160,120,0.5,0.21,0.29,0.62,0.015,0.016,1.62,0.59,0.07,0.21,440,0.008,0,0,1056
394,930,30,0,0,930,469.8,850,15,60,160,120,0.5,0.23,0.35,0.51,0.008,0.012,1.69,0.55,0.11,0.18,860,0.07,0.01,0,1124
395,930,30,0,0,930,469.8,850,15,60,160,120,0.5,0.17,0.28,0.55,0.002,0.016,1.64,0.45,0.05,0.16,440,0.017,0,0.008,1082
396,930,30,0,0,930,540,850,15,140,160,120,0.5,0.21,0.29,0.62,0.015,0.016,1.62,0.59,0.07,0.21,440,0.008,0,0,1054
397,930,30,0,0,930,540,850,15,140,160,120,0.5,0.23,0.35,0.51,0.008,0.012,1.69,0.55,0.11,0.18,860,0.07,0.01,0,1190
398,930,30,0,0,930,540,850,15,140,160,120,0.5,0.17,0.28,0.55,0.002,0.016,1.64,0.45,0.05,0.16,440,0.017,0,0.008,935
399,930,30,0,0,930,469.8,850,15,60,200,120,0.5,0.21,0.29,0.62,0.015,0.016,1.62,0.59,0.07,0.21,440,0.008,0,0,1037
400,930,30,0,0,930,469.8,850,15,60,200,120,0.5,0.23,0.35,0.51,0.008,0.012,1.69,0.55,0.11,0.18,860,0.07,0.01,0,1110
401,930,30,0,0,930,469.8,850,15,60,200,120,0.5,0.17,0.28,0.55,0.002,0.016,1.64,0.45,0.05,0.16,440,0.017,0,0.008,1035
402,930,30,0,0,930,130.2,882.381,25.2,60,160,120,0.5,0.2,0.32,0.77,0.024,0.028,0.46,0.47,0.2,0.19,390,0.046,0,0,927
403,930,30,0,0,930,130.2,882.381,25.2,60,160,120,0.5,0.23,0.29,0.85,0.011,0.011,0.44,0.6,0.07,0.16,440,0.013,0,0,976
404,930,30,0,0,930,130.2,882.381,25.2,60,160,120,0.5,0.18,0.26,0.76,0.009,0.014,0.56,0.62,0.12,0.17,690,0.06,0,0,986
405,930,30,0,0,930,450,895.517,34.8,60,160,120,0.5,0.2,0.32,0.77,0.024,0.028,0.46,0.47,0.2,0.19,390,0.046,0,0,956
406,930,30,0,0,930,450,895.517,34.8,60,160,120,0.5,0.23,0.29,0.85,0.011,0.011,0.44,0.6,0.07,0.16,440,0.013,0,0,946
407,930,30,0,0,930,450,895.517,34.8,60,160,120,0.5,0.18,0.26,0.76,0.009,0.014,0.56,0.62,0.12,0.17,690,0.06,0,0,1089
408,930,30,0,0,930,510,903.333,45,140,160,120,0.5,0.2,0.32,0.77,0.024,0.028,0.46,0.47,0.2,0.19,390,0.046,0,0,960
409,930,30,0,0,930,510,903.333,45,140,160,120,0.5,0.23,0.29,0.85,0.011,0.011,0.44,0.6,0.07,0.16,440,0.013,0,0,1033
410,930,30,0,0,930,510,903.333,45,140,160,120,0.5,0.18,0.26,0.76,0.009,0.014,0.56,0.62,0.12,0.17,690,0.06,0,0,1080
411,930,30,0,0,930,450,895.517,34.8,60,200,120,0.5,0.2,0.32,0.77,0.024,0.028,0.46,0.47,0.2,0.19,390,0.046,0,0,924
412,930,30,0,0,930,450,895.517,34.8,60,200,120,0.5,0.23,0.29,0.85,0.011,0.011,0.44,0.6,0.07,0.16,440,0.013,0,0,1009
413,930,30,0,0,930,450,895.517,34.8,60,200,120,0.5,0.18,0.26,0.76,0.009,0.014,0.56,0.62,0.12,0.17,690,0.06,0,0,1053
414,930,30,0,0,930,100.2,895.517,34.8,60,160,120,0.5,0.21,0.3,0.76,0.021,0.006,0.08,1.09,0.14,0.03,460,0.025,0,0.004,854
415,930,30,0,0,930,100.2,895.517,34.8,60,160,120,0.5,0.23,0.2,0.8,0.013,0.018,0.04,1.14,0.07,0.02,690,0.07,0,0.01,1086
416,930,30,0,0,930,100.2,895.517,34.8,60,160,120,0.5,0.19,0.21,0.77,0.017,0.011,0.12,1.02,0.16,0.05,390,0.025,0.004,0,889
417,930,30,0,0,930,499.8,895.812,70.2,60,160,120,0.5,0.21,0.3,0.76,0.021,0.006,0.08,1.09,0.14,0.03,460,0.025,0,0.004,884
418,930,30,0,0,930,499.8,895.812,70.2,60,160,120,0.5,0.23,0.2,0.8,0.013,0.018,0.04,1.14,0.07,0.02,690,0.07,0,0.01,1057
419,930,30,0,0,930,499.8,895.812,70.2,60,160,120,0.5,0.19,0.21,0.77,0.017,0.011,0.12,1.02,0.16,0.05,390,0.025,0.004,0,900
420,930,30,0,0,930,529.8,895.812,70.2,140,160,120,0.5,0.21,0.3,0.76,0.021,0.006,0.08,1.09,0.14,0.03,460,0.025,0,0.004,876
421,930,30,0,0,930,529.8,895.812,70.2,140,160,120,0.5,0.23,0.2,0.8,0.013,0.018,0.04,1.14,0.07,0.02,690,0.07,0,0.01,1068
422,930,30,0,0,930,529.8,895.812,70.2,140,160,120,0.5,0.19,0.21,0.77,0.017,0.011,0.12,1.02,0.16,0.05,390,0.025,0.004,0,838
423,930,30,0,0,930,499.8,895.812,70.2,60,200,120,0.5,0.21,0.3,0.76,0.021,0.006,0.08,1.09,0.14,0.03,460,0.025,0,0.004,873
424,930,30,0,0,930,499.8,895.812,70.2,60,200,120,0.5,0.23,0.2,0.8,0.013,0.018,0.04,1.14,0.07,0.02,690,0.07,0,0.01,1120
425,930,30,0,0,930,499.8,895.812,70.2,60,200,120,0.5,0.19,0.21,0.77,0.017,0.011,0.12,1.02,0.16,0.05,390,0.025,0.004,0,898
426,930,30,0,0,930,90,881.807,49.8,60,160,120,0.5,0.21,0.31,0.81,0.012,0.019,0.06,1.17,0.07,0.17,690,0.08,0,0,1074
427,930,30,0,0,930,90,881.807,49.8,60,160,120,0.5,0.21,0.26,0.65,0.015,0.024,0.02,0.91,0.01,0.15,240,0.05,0.01,0,1006
428,930,30,0,0,930,90,881.807,49.8,60,160,120,0.5,0.18,0.25,0.79,0.016,0.015,0.07,1.08,0.08,0.15,530,0.017,0.004,0.008,858
429,930,30,0,0,930,340.2,895.812,70.2,60,160,120,0.5,0.21,0.31,0.81,0.012,0.019,0.06,1.17,0.07,0.17,690,0.08,0,0,1144
430,930,30,0,0,930,340.2,895.812,70.2,60,160,120,0.5,0.21,0.26,0.65,0.015,0.024,0.02,0.91,0.01,0.15,240,0.05,0.01,0,1028
431,930,30,0,0,930,340.2,895.812,70.2,60,160,120,0.5,0.18,0.25,0.79,0.016,0.015,0.07,1.08,0.08,0.15,530,0.017,0.004,0.008,948
432,930,30,0,0,930,340.2,895.812,70.2,140,160,120,0.5,0.21,0.31,0.81,0.012,0.019,0.06,1.17,0.07,0.17,690,0.08,0,0,1080
433,930,30,0,0,930,340.2,895.812,70.2,140,160,120,0.5,0.21,0.26,0.65,0.015,0.024,0.02,0.91,0.01,0.15,240,0.05,0.01,0,1030
434,930,30,0,0,930,340.2,895.812,70.2,140,160,120,0.5,0.18,0.25,0.79,0.016,0.015,0.07,1.08,0.08,0.15,530,0.017,0.004,0.008,957
435,930,30,0,0,930,340.2,895.812,70.2,60,200,120,0.5,0.21,0.31,0.81,0.012,0.019,0.06,1.17,0.07,0.17,690,0.08,0,0,1104
436,930,30,0,0,930,340.2,895.812,70.2,60,200,120,0.5,0.21,0.26,0.65,0.015,0.024,0.02,0.91,0.01,0.15,240,0.05,0.01,0,1008
437,930,30,0,0,930,340.2,895.812,70.2,60,200,120,0.5,0.18,0.25,0.79,0.016,0.015,0.07,1.08,0.08,0.15,530,0.017,0.004,0.008,882